{"loss": [1.7653124332427979, 1.2504783868789673, 1.0626057386398315, 0.9486298561096191, 0.8695265650749207, 0.815403163433075, 0.7661412954330444, 0.7244673371315002, 0.690202534198761, 0.6701570153236389, 0.6405552625656128, 0.6228983402252197, 0.5998879075050354, 0.5859760046005249, 0.5653550028800964, 0.5510279536247253, 0.5455496311187744, 0.5318138003349304, 0.5206155776977539, 0.5101766586303711, 0.5007395148277283, 0.49823927879333496, 0.4870191514492035, 0.4832703173160553, 0.4747621417045593, 0.4703011214733124, 0.4592881500720978, 0.46086999773979187, 0.4538860619068146, 0.4434785842895508, 0.44975772500038147, 0.4390294849872589, 0.4363044202327728, 0.4279409945011139, 0.4233752489089966, 0.42409566044807434, 0.41500362753868103, 0.4110051095485687, 0.40716856718063354, 0.40941765904426575, 0.4053475558757782, 0.39634642004966736, 0.3964611887931824, 0.39062073826789856, 0.3887978494167328, 0.3885986804962158, 0.3859083354473114, 0.38402479887008667, 0.38251951336860657, 0.3797782361507416, 0.37285757064819336, 0.3742029368877411, 0.3745731711387634, 0.36439019441604614, 0.3680953085422516, 0.36648741364479065, 0.3563082218170166, 0.3599337637424469, 0.3566216230392456, 0.3569255471229553], "accuracy": [0.3951457738876343, 0.5512255430221558, 0.6247396469116211, 0.6669937372207642, 0.6974326968193054, 0.7173382043838501, 0.7368031144142151, 0.7546058893203735, 0.7615147233009338, 0.7694048285484314, 0.7803388237953186, 0.7887495756149292, 0.7964194416999817, 0.8017863035202026, 0.8078340291976929, 0.8124399185180664, 0.8151434063911438, 0.8204101324081421, 0.8239145874977112, 0.8279597759246826, 0.8300424814224243, 0.8328059911727905, 0.8346083164215088, 0.836030125617981, 0.8372516632080078, 0.8396547436714172, 0.8443407416343689, 0.8440003395080566, 0.8467638492584229, 0.8510493636131287, 0.8488065004348755, 0.8516501188278198, 0.8522909283638, 0.8543535470962524, 0.8563961982727051, 0.8562359809875488, 0.8600007891654968, 0.8607817888259888, 0.8613625168800354, 0.8632649779319763, 0.8632449507713318, 0.8645866513252258, 0.8657081127166748, 0.8669697046279907, 0.8664690852165222, 0.8672701120376587, 0.8682113289833069, 0.8697933554649353, 0.8703740835189819, 0.870934784412384, 0.8733378648757935, 0.8722565174102783, 0.8740587830543518, 0.8757409453392029, 0.8737183809280396, 0.8751802444458008, 0.8781440258026123, 0.8784844875335693, 0.8794456720352173, 0.8784644603729248], "val_loss": [1.4180197715759277, 1.0791683197021484, 0.9409139752388, 0.8663405179977417, 0.7382965087890625, 0.7086308002471924, 0.6726352572441101, 0.7019467949867249, 0.6102243661880493, 0.6225766539573669, 0.884584367275238, 0.5218616127967834, 0.5031620860099792, 0.6074699759483337, 0.4919723570346832, 0.5160083174705505, 0.5556689500808716, 0.47537070512771606, 0.4861632287502289, 0.44576767086982727, 0.5590000748634338, 0.49307963252067566, 0.43440940976142883, 0.5372321009635925, 0.43072509765625, 0.43646126985549927, 0.4084242284297943, 0.486071914434433, 0.46004897356033325, 0.5993345975875854, 0.4211406707763672, 0.4523210823535919, 0.4407731890678406, 0.457780122756958, 0.4219142198562622, 0.4223876893520355, 0.3732396960258484, 0.4173275828361511, 0.4427715241909027, 0.411070317029953, 0.4172663688659668, 0.4201023578643799, 0.3986191153526306, 0.3906785547733307, 0.4043900668621063, 0.39687877893447876, 0.4373272955417633, 0.3512539863586426, 0.42052480578422546, 0.3858213722705841, 0.42741021513938904, 0.3770284354686737, 0.36817508935928345, 0.3982534110546112, 0.3818482756614685, 0.3668465316295624, 0.37595584988594055, 0.37937602400779724, 0.4153030812740326, 0.4283611476421356], "val_accuracy": [0.5002999901771545, 0.6151000261306763, 0.6736000180244446, 0.699999988079071, 0.7455999851226807, 0.7530999779701233, 0.7635999917984009, 0.7592999935150146, 0.7918000221252441, 0.7878000140190125, 0.7257000207901001, 0.824999988079071, 0.8303999900817871, 0.7926999926567078, 0.8353999853134155, 0.8259999752044678, 0.8166000247001648, 0.8364999890327454, 0.8370000123977661, 0.8460000157356262, 0.816100001335144, 0.8374999761581421, 0.8514999747276306, 0.8230999708175659, 0.8528000116348267, 0.8517000079154968, 0.8610000014305115, 0.8413000106811523, 0.8485000133514404, 0.8120999932289124, 0.8600999712944031, 0.8485000133514404, 0.854200005531311, 0.8500999808311462, 0.8639000058174133, 0.8628000020980835, 0.8737000226974487, 0.8578000068664551, 0.8528000116348267, 0.8628000020980835, 0.8601999878883362, 0.8622999787330627, 0.8701000213623047, 0.8715000152587891, 0.8690999746322632, 0.8702999949455261, 0.8555999994277954, 0.8794999718666077, 0.8589000105857849, 0.8741999864578247, 0.8604999780654907, 0.8730999827384949, 0.8758999705314636, 0.8707000017166138, 0.8726000189781189, 0.8769999742507935, 0.8784999847412109, 0.8743000030517578, 0.8654000163078308, 0.8603000044822693]}